Case1,0,0,48.889,0.0015556,0.00012,23.556,0.4,1,0.1,1,1,12,7.6667,27,5.2222,1.2222,0.26667,1.1,50
Case2,0,0,48.889,0.0015556,0.00012,23.556,0.4,1,0.1,1,1,12,7.6667,27,3.2778,1.2222,0.26667,1.1,50
Case3,0,0,48.889,0.0015556,0.00012,23.556,0.4,1,0.1,1,1,12,7.6667,27,3.2778,1,0.26667,1.1,50
Case4,0,0,48.889,0.0068333,0.00012,23.556,0.4,1,0.1,1,1,12,7.6667,27,3.2778,1,0.26667,1.1,50
Case5,0,0,48.889,0.0068333,0.00012,23.556,0.4,1,0.1,1,1,12,7.6667,27,3.2778,1,0.1,1.1,50
Case6,0,0,48.889,0.0068333,0.00012,23.556,0.4,1,0.1,1,1,12,5.4444,27,3.2778,1,0.1,1.1,50
Case7,0,0,48.889,0.0068333,0.00012,28,0.4,1,0.1,1,1,12,5.4444,27,3.2778,1,0.1,1.1,50
Case8,0,0,48.889,0.0068333,0.00012,28,0.4,1,5.6,1,1,12,5.4444,27,3.2778,1,0.1,1.1,50
Case9,0,0,10,0.0068333,0.00012,28,0.4,1,5.6,1,1,12,5.4444,27,3.2778,1,0.1,1.1,50
Case10,0,0,17.778,0.0089444,0.00012,25.333,0.4,1,7.8,1,1,12,5.8889,27,6,1.0444,0.33333,1.1,50
Case11,0,0,17.778,0.0089444,0.00012,25.333,0.4,1,2.3,1,1,12,5.8889,27,6,1.0444,0.33333,1.1,50
Case12,0,0,17.778,0.0036667,0.00012,25.333,0.4,1,2.3,1,1,12,5.8889,27,6,1.0444,0.33333,1.1,50
Case13,0,0,17.778,0.0036667,0.00012,20.889,0.4,1,2.3,1,1,12,5.8889,27,6,1.0444,0.33333,1.1,50
Case14,0,0,17.778,0.0036667,0.00012,20.889,0.4,1,2.3,1,1,12,5.8889,27,6,1.2667,0.33333,1.1,50
Case15,0,0,17.778,0.0036667,0.00012,20.889,0.4,1,2.3,1,1,12,5.8889,27,4.0556,1.2667,0.33333,1.1,50
Case16,0,0,17.778,0.0036667,0.00012,20.889,0.4,1,2.3,1,1,12,8.1111,27,4.0556,1.2667,0.33333,1.1,50
Case17,0,0,17.778,0.0036667,0.00012,20.889,0.4,1,2.3,1,1,12,8.1111,27,4.0556,1.2667,0.16667,1.1,50
Case18,0,0,56.667,0.0036667,0.00012,20.889,0.4,1,2.3,1,1,12,8.1111,27,4.0556,1.2667,0.16667,1.1,50
Case19,0,0,80,0.0036667,0.00012,24.444,0.4,1,0.1,1,1,12,5.8889,27,3.6667,1.4,0.26667,1.1,50
Case20,0,0,80,0.0036667,0.00012,24.444,0.4,1,0.1,1,1,12,5.8889,27,3.6667,1.4,0.1,1.1,50
Case21,0,0,80,0.0036667,0.00012,20,0.4,1,0.1,1,1,12,5.8889,27,3.6667,1.4,0.1,1.1,50
Case22,0,0,80,0.0036667,0.00012,20,0.4,1,0.1,1,1,12,8.1111,27,3.6667,1.4,0.1,1.1,50
Case23,0,0,41.111,0.0036667,0.00012,20,0.4,1,0.1,1,1,12,8.1111,27,3.6667,1.4,0.1,1.1,50
Case24,0,0,41.111,0.0036667,0.00012,20,0.4,1,0.1,1,1,12,8.1111,27,3.6667,1.1778,0.1,1.1,50
Case25,0,0,41.111,0.0089444,0.00012,20,0.4,1,0.1,1,1,12,8.1111,27,3.6667,1.1778,0.1,1.1,50
Case26,0,0,41.111,0.0089444,0.00012,20,0.4,1,5.6,1,1,12,8.1111,27,3.6667,1.1778,0.1,1.1,50
Case27,0,0,41.111,0.0089444,0.00012,20,0.4,1,5.6,1,1,12,8.1111,27,5.6111,1.1778,0.1,1.1,50
Case28,0,0,17.778,0.0089444,0.00012,23.556,0.4,1,10,1,1,12,6.7778,27,4.4444,1.0889,0.16667,1.1,50
Case29,0,0,17.778,0.0036667,0.00012,23.556,0.4,1,10,1,1,12,6.7778,27,4.4444,1.0889,0.16667,1.1,50
Case30,0,0,17.778,0.0036667,0.00012,23.556,0.4,1,10,1,1,12,6.7778,27,4.4444,1.3111,0.16667,1.1,50
Case31,0,0,17.778,0.0036667,0.00012,23.556,0.4,1,4.5,1,1,12,6.7778,27,4.4444,1.3111,0.16667,1.1,50
Case32,0,0,17.778,0.0036667,0.00012,28,0.4,1,4.5,1,1,12,6.7778,27,4.4444,1.3111,0.16667,1.1,50
Case33,0,0,17.778,0.0036667,0.00012,28,0.4,1,4.5,1,1,12,6.7778,27,4.4444,1.3111,0.33333,1.1,50
Case34,0,0,56.667,0.0036667,0.00012,28,0.4,1,4.5,1,1,12,6.7778,27,4.4444,1.3111,0.33333,1.1,50
Case35,0,0,56.667,0.0036667,0.00012,28,0.4,1,4.5,1,1,12,6.7778,27,2.5,1.3111,0.33333,1.1,50
Case36,0,0,56.667,0.0036667,0.00012,28,0.4,1,4.5,1,1,12,9,27,2.5,1.3111,0.33333,1.1,50
Case37,0,0,64.444,0.0089444,0.00012,23.556,0.4,1,4.5,1,1,12,5,27,2.5,1.0889,0.26667,1.1,50
Case38,0,0,64.444,0.0036667,0.00012,23.556,0.4,1,4.5,1,1,12,5,27,2.5,1.0889,0.26667,1.1,50
Case39,0,0,64.444,0.0036667,0.00012,23.556,0.4,1,4.5,1,1,12,7.2222,27,2.5,1.0889,0.26667,1.1,50
Case40,0,0,64.444,0.0036667,0.00012,28,0.4,1,4.5,1,1,12,7.2222,27,2.5,1.0889,0.26667,1.1,50
Case41,0,0,64.444,0.0036667,0.00012,28,0.4,1,4.5,1,1,12,7.2222,27,4.4444,1.0889,0.26667,1.1,50
Case42,0,0,64.444,0.0036667,0.00012,28,0.4,1,4.5,1,1,12,7.2222,27,4.4444,1.3111,0.26667,1.1,50
Case43,0,0,64.444,0.0036667,0.00012,28,0.4,1,4.5,1,1,12,7.2222,27,4.4444,1.3111,0.1,1.1,50
Case44,0,0,64.444,0.0036667,0.00012,28,0.4,1,10,1,1,12,7.2222,27,4.4444,1.3111,0.1,1.1,50
Case45,0,0,25.556,0.0036667,0.00012,28,0.4,1,10,1,1,12,7.2222,27,4.4444,1.3111,0.1,1.1,50
Case46,0,0,25.556,0.0036667,0.00012,24.444,0.4,1,0.1,1,1,12,7.6667,27,3.2778,1.3111,0.4,1.1,50
Case47,0,0,25.556,0.0036667,0.00012,24.444,0.4,1,5.6,1,1,12,7.6667,27,3.2778,1.3111,0.4,1.1,50
Case48,0,0,25.556,0.0036667,0.00012,24.444,0.4,1,5.6,1,1,12,7.6667,27,3.2778,1.0889,0.4,1.1,50
Case49,0,0,25.556,0.0036667,0.00012,24.444,0.4,1,5.6,1,1,12,7.6667,27,5.2222,1.0889,0.4,1.1,50
Case50,0,0,25.556,0.0036667,0.00012,24.444,0.4,1,5.6,1,1,12,7.6667,27,5.2222,1.0889,0.23333,1.1,50
Case51,0,0,25.556,0.0036667,0.00012,20,0.4,1,5.6,1,1,12,7.6667,27,5.2222,1.0889,0.23333,1.1,50
Case52,0,0,25.556,0.0036667,0.00012,20,0.4,1,5.6,1,1,12,5.4444,27,5.2222,1.0889,0.23333,1.1,50
Case53,0,0,25.556,0.0089444,0.00012,20,0.4,1,5.6,1,1,12,5.4444,27,5.2222,1.0889,0.23333,1.1,50
Case54,0,0,64.444,0.0089444,0.00012,20,0.4,1,5.6,1,1,12,5.4444,27,5.2222,1.0889,0.23333,1.1,50
Case55,0,0,10,0.0047222,0.00012,20,0.4,1,2.3,1,1,12,6.3333,27,4.0556,1.0444,0.2,1.1,50
Case56,0,0,10,0.0047222,0.00012,20,0.4,1,2.3,1,1,12,6.3333,27,4.0556,1.2667,0.2,1.1,50
Case57,0,0,10,0.0047222,0.00012,20,0.4,1,2.3,1,1,12,6.3333,27,4.0556,1.2667,0.36667,1.1,50
Case58,0,0,10,0.0047222,0.00012,20,0.4,1,2.3,1,1,12,8.5556,27,4.0556,1.2667,0.36667,1.1,50
Case59,0,0,10,0.0047222,0.00012,20,0.4,1,7.8,1,1,12,8.5556,27,4.0556,1.2667,0.36667,1.1,50
Case60,0,0,10,0.01,0.00012,20,0.4,1,7.8,1,1,12,8.5556,27,4.0556,1.2667,0.36667,1.1,50
Case61,0,0,10,0.01,0.00012,20,0.4,1,7.8,1,1,12,8.5556,27,6,1.2667,0.36667,1.1,50
Case62,0,0,10,0.01,0.00012,24.444,0.4,1,7.8,1,1,12,8.5556,27,6,1.2667,0.36667,1.1,50
Case63,0,0,48.889,0.01,0.00012,24.444,0.4,1,7.8,1,1,12,8.5556,27,6,1.2667,0.36667,1.1,50
Case64,0,0,17.778,0.0047222,0.00012,20.889,0.4,1,6.7,1,1,12,6.3333,27,4.8333,1.1778,0.1,1.1,50
Case65,0,0,17.778,0.0047222,0.00012,20.889,0.4,1,6.7,1,1,12,6.3333,27,2.8889,1.1778,0.1,1.1,50
Case66,0,0,17.778,0.0047222,0.00012,20.889,0.4,1,6.7,1,1,12,6.3333,27,2.8889,1.4,0.1,1.1,50
Case67,0,0,17.778,0.0047222,0.00012,20.889,0.4,1,6.7,1,1,12,8.5556,27,2.8889,1.4,0.1,1.1,50
Case68,0,0,17.778,0.0047222,0.00012,25.333,0.4,1,6.7,1,1,12,8.5556,27,2.8889,1.4,0.1,1.1,50
Case69,0,0,17.778,0.0047222,0.00012,25.333,0.4,1,1.2,1,1,12,8.5556,27,2.8889,1.4,0.1,1.1,50
Case70,0,0,17.778,0.01,0.00012,25.333,0.4,1,1.2,1,1,12,8.5556,27,2.8889,1.4,0.1,1.1,50
Case71,0,0,17.778,0.01,0.00012,25.333,0.4,1,1.2,1,1,12,8.5556,27,2.8889,1.4,0.26667,1.1,50
Case72,0,0,56.667,0.01,0.00012,25.333,0.4,1,1.2,1,1,12,8.5556,27,2.8889,1.4,0.26667,1.1,50
Case73,0,0,64.444,0.0026111,0.00012,22.667,0.4,1,10,1,1,12,5.4444,27,3.6667,1.2222,0.36667,1.1,50
Case74,0,0,64.444,0.0026111,0.00012,22.667,0.4,1,10,1,1,12,7.6667,27,3.6667,1.2222,0.36667,1.1,50
Case75,0,0,64.444,0.0078889,0.00012,22.667,0.4,1,10,1,1,12,7.6667,27,3.6667,1.2222,0.36667,1.1,50
Case76,0,0,64.444,0.0078889,0.00012,22.667,0.4,1,10,1,1,12,7.6667,27,5.6111,1.2222,0.36667,1.1,50
Case77,0,0,64.444,0.0078889,0.00012,27.111,0.4,1,10,1,1,12,7.6667,27,5.6111,1.2222,0.36667,1.1,50
Case78,0,0,25.556,0.0078889,0.00012,27.111,0.4,1,10,1,1,12,7.6667,27,5.6111,1.2222,0.36667,1.1,50
Case79,0,0,25.556,0.0078889,0.00012,27.111,0.4,1,10,1,1,12,7.6667,27,5.6111,1.2222,0.2,1.1,50
Case80,0,0,25.556,0.0078889,0.00012,27.111,0.4,1,10,1,1,12,7.6667,27,5.6111,1,0.2,1.1,50
Case81,0,0,25.556,0.0078889,0.00012,27.111,0.4,1,4.5,1,1,12,7.6667,27,5.6111,1,0.2,1.1,50
Case82,0,0,41.111,0.0036667,0.00012,21.778,0.4,1,8.9,1,1,12,6.3333,27,3.2778,1.0444,0.13333,1.1,50
Case83,0,0,41.111,0.0036667,0.00012,21.778,0.4,1,8.9,1,1,12,6.3333,27,3.2778,1.2667,0.13333,1.1,50
Case84,0,0,41.111,0.0036667,0.00012,21.778,0.4,1,8.9,1,1,12,6.3333,27,3.2778,1.2667,0.3,1.1,50
Case85,0,0,41.111,0.0036667,0.00012,21.778,0.4,1,8.9,1,1,12,8.5556,27,3.2778,1.2667,0.3,1.1,50
Case86,0,0,80,0.0036667,0.00012,21.778,0.4,1,8.9,1,1,12,8.5556,27,3.2778,1.2667,0.3,1.1,50
Case87,0,0,80,0.0089444,0.00012,21.778,0.4,1,8.9,1,1,12,8.5556,27,3.2778,1.2667,0.3,1.1,50
Case88,0,0,80,0.0089444,0.00012,21.778,0.4,1,3.4,1,1,12,8.5556,27,3.2778,1.2667,0.3,1.1,50
Case89,0,0,80,0.0089444,0.00012,21.778,0.4,1,3.4,1,1,12,8.5556,27,5.2222,1.2667,0.3,1.1,50
Case90,0,0,80,0.0089444,0.00012,26.222,0.4,1,3.4,1,1,12,8.5556,27,5.2222,1.2667,0.3,1.1,50
Case91,0,0,48.889,0.0015556,0.00012,22.667,0.4,1,0.1,1,1,12,9,27,2.5,1.2667,0.36667,1.1,50
Case92,0,0,48.889,0.0068333,0.00012,22.667,0.4,1,0.1,1,1,12,9,27,2.5,1.2667,0.36667,1.1,50
Case93,0,0,48.889,0.0068333,0.00012,27.111,0.4,1,0.1,1,1,12,9,27,2.5,1.2667,0.36667,1.1,50
Case94,0,0,48.889,0.0068333,0.00012,27.111,0.4,1,0.1,1,1,12,9,27,2.5,1.2667,0.2,1.1,50
Case95,0,0,48.889,0.0068333,0.00012,27.111,0.4,1,0.1,1,1,12,9,27,4.4444,1.2667,0.2,1.1,50
Case96,0,0,48.889,0.0068333,0.00012,27.111,0.4,1,0.1,1,1,12,6.7778,27,4.4444,1.2667,0.2,1.1,50
Case97,0,0,10,0.0068333,0.00012,27.111,0.4,1,0.1,1,1,12,6.7778,27,4.4444,1.2667,0.2,1.1,50
Case98,0,0,10,0.0068333,0.00012,27.111,0.4,1,5.6,1,1,12,6.7778,27,4.4444,1.2667,0.2,1.1,50
Case99,0,0,10,0.0068333,0.00012,27.111,0.4,1,5.6,1,1,12,6.7778,27,4.4444,1.0444,0.2,1.1,50
Case100,0,0,48.889,0.0068333,0.00012,23.556,0.4,1,1.2,1,1,12,5.8889,27,2.8889,1,0.33333,1.1,50
Case101,0,0,48.889,0.0068333,0.00012,28,0.4,1,1.2,1,1,12,5.8889,27,2.8889,1,0.33333,1.1,50
Case102,0,0,48.889,0.0068333,0.00012,28,0.4,1,1.2,1,1,12,5.8889,27,4.8333,1,0.33333,1.1,50
Case103,0,0,48.889,0.0068333,0.00012,28,0.4,1,1.2,1,1,12,8.1111,27,4.8333,1,0.33333,1.1,50
Case104,0,0,48.889,0.0068333,0.00012,28,0.4,1,1.2,1,1,12,8.1111,27,4.8333,1,0.16667,1.1,50
Case105,0,0,48.889,0.0068333,0.00012,28,0.4,1,1.2,1,1,12,8.1111,27,4.8333,1.2222,0.16667,1.1,50
Case106,0,0,48.889,0.0015556,0.00012,28,0.4,1,1.2,1,1,12,8.1111,27,4.8333,1.2222,0.16667,1.1,50
Case107,0,0,48.889,0.0015556,0.00012,28,0.4,1,6.7,1,1,12,8.1111,27,4.8333,1.2222,0.16667,1.1,50
Case108,0,0,10,0.0015556,0.00012,28,0.4,1,6.7,1,1,12,8.1111,27,4.8333,1.2222,0.16667,1.1,50
Case109,0,0,17.778,0.0068333,0.00012,21.778,0.4,1,0.1,1,1,12,5,27,4.0556,1.4,0.33333,1.1,50
Case110,0,0,17.778,0.0068333,0.00012,21.778,0.4,1,0.1,1,1,12,5,27,4.0556,1.4,0.16667,1.1,50
Case111,0,0,17.778,0.0068333,0.00012,21.778,0.4,1,0.1,1,1,12,5,27,4.0556,1.1778,0.16667,1.1,50
Case112,0,0,17.778,0.0068333,0.00012,21.778,0.4,1,0.1,1,1,12,7.2222,27,4.0556,1.1778,0.16667,1.1,50
Case113,0,0,17.778,0.0068333,0.00012,21.778,0.4,1,5.6,1,1,12,7.2222,27,4.0556,1.1778,0.16667,1.1,50
Case114,0,0,17.778,0.0015556,0.00012,21.778,0.4,1,5.6,1,1,12,7.2222,27,4.0556,1.1778,0.16667,1.1,50
Case115,0,0,17.778,0.0015556,0.00012,21.778,0.4,1,5.6,1,1,12,7.2222,27,6,1.1778,0.16667,1.1,50
Case116,0,0,56.667,0.0015556,0.00012,21.778,0.4,1,5.6,1,1,12,7.2222,27,6,1.1778,0.16667,1.1,50
Case117,0,0,56.667,0.0015556,0.00012,26.222,0.4,1,5.6,1,1,12,7.2222,27,6,1.1778,0.16667,1.1,50
Case118,0,0,41.111,0.0068333,0.00012,25.333,0.4,1,5.6,1,1,12,6.7778,27,4.0556,1.0889,0.36667,1.1,50
Case119,0,0,41.111,0.0015556,0.00012,25.333,0.4,1,5.6,1,1,12,6.7778,27,4.0556,1.0889,0.36667,1.1,50
Case120,0,0,41.111,0.0015556,0.00012,20.889,0.4,1,5.6,1,1,12,6.7778,27,4.0556,1.0889,0.36667,1.1,50
Case121,0,0,41.111,0.0015556,0.00012,20.889,0.4,1,5.6,1,1,12,6.7778,27,4.0556,1.0889,0.2,1.1,50
Case122,0,0,41.111,0.0015556,0.00012,20.889,0.4,1,5.6,1,1,12,6.7778,27,4.0556,1.3111,0.2,1.1,50
Case123,0,0,80,0.0015556,0.00012,20.889,0.4,1,5.6,1,1,12,6.7778,27,4.0556,1.3111,0.2,1.1,50
Case124,0,0,80,0.0015556,0.00012,20.889,0.4,1,0.1,1,1,12,6.7778,27,4.0556,1.3111,0.2,1.1,50
Case125,0,0,80,0.0015556,0.00012,20.889,0.4,1,0.1,1,1,12,6.7778,27,6,1.3111,0.2,1.1,50
Case126,0,0,80,0.0015556,0.00012,20.889,0.4,1,0.1,1,1,12,9,27,6,1.3111,0.2,1.1,50
Case127,0,0,17.778,0.0005,0.00012,28,0.4,1,2.3,1,1,12,5.4444,27,6,1.0444,0.4,1.1,50
Case128,0,0,56.667,0.0005,0.00012,28,0.4,1,2.3,1,1,12,5.4444,27,6,1.0444,0.4,1.1,50
Case129,0,0,56.667,0.0005,0.00012,28,0.4,1,7.8,1,1,12,5.4444,27,6,1.0444,0.4,1.1,50
Case130,0,0,56.667,0.0005,0.00012,28,0.4,1,7.8,1,1,12,7.6667,27,6,1.0444,0.4,1.1,50
Case131,0,0,56.667,0.0005,0.00012,28,0.4,1,7.8,1,1,12,7.6667,27,6,1.2667,0.4,1.1,50
Case132,0,0,56.667,0.0005,0.00012,23.556,0.4,1,7.8,1,1,12,7.6667,27,6,1.2667,0.4,1.1,50
Case133,0,0,56.667,0.0005,0.00012,23.556,0.4,1,7.8,1,1,12,7.6667,27,6,1.2667,0.23333,1.1,50
Case134,0,0,56.667,0.0057778,0.00012,23.556,0.4,1,7.8,1,1,12,7.6667,27,6,1.2667,0.23333,1.1,50
Case135,0,0,56.667,0.0057778,0.00012,23.556,0.4,1,7.8,1,1,12,7.6667,27,4.0556,1.2667,0.23333,1.1,50
Case136,0,0,72.222,0.0026111,0.00012,22.667,0.4,1,7.8,1,1,12,6.3333,27,2.8889,1.3556,0.36667,1.1,50
Case137,0,0,72.222,0.0078889,0.00012,22.667,0.4,1,7.8,1,1,12,6.3333,27,2.8889,1.3556,0.36667,1.1,50
Case138,0,0,72.222,0.0078889,0.00012,22.667,0.4,1,7.8,1,1,12,6.3333,27,2.8889,1.3556,0.2,1.1,50
Case139,0,0,72.222,0.0078889,0.00012,22.667,0.4,1,7.8,1,1,12,6.3333,27,2.8889,1.1333,0.2,1.1,50
Case140,0,0,72.222,0.0078889,0.00012,22.667,0.4,1,2.3,1,1,12,6.3333,27,2.8889,1.1333,0.2,1.1,50
Case141,0,0,72.222,0.0078889,0.00012,27.111,0.4,1,2.3,1,1,12,6.3333,27,2.8889,1.1333,0.2,1.1,50
Case142,0,0,72.222,0.0078889,0.00012,27.111,0.4,1,2.3,1,1,12,8.5556,27,2.8889,1.1333,0.2,1.1,50
Case143,0,0,72.222,0.0078889,0.00012,27.111,0.4,1,2.3,1,1,12,8.5556,27,4.8333,1.1333,0.2,1.1,50
Case144,0,0,33.333,0.0078889,0.00012,27.111,0.4,1,2.3,1,1,12,8.5556,27,4.8333,1.1333,0.2,1.1,50
Case145,0,0,25.556,0.0068333,0.00012,28,0.4,1,10,1,1,12,5.4444,27,4.8333,1.3111,0.33333,1.1,50
Case146,0,0,25.556,0.0068333,0.00012,28,0.4,1,10,1,1,12,5.4444,27,4.8333,1.3111,0.16667,1.1,50
Case147,0,0,25.556,0.0068333,0.00012,28,0.4,1,4.5,1,1,12,5.4444,27,4.8333,1.3111,0.16667,1.1,50
Case148,0,0,25.556,0.0068333,0.00012,28,0.4,1,4.5,1,1,12,5.4444,27,4.8333,1.0889,0.16667,1.1,50
Case149,0,0,64.444,0.0068333,0.00012,28,0.4,1,4.5,1,1,12,5.4444,27,4.8333,1.0889,0.16667,1.1,50
Case150,0,0,64.444,0.0068333,0.00012,28,0.4,1,4.5,1,1,12,5.4444,27,2.8889,1.0889,0.16667,1.1,50
Case151,0,0,64.444,0.0068333,0.00012,28,0.4,1,4.5,1,1,12,7.6667,27,2.8889,1.0889,0.16667,1.1,50
Case152,0,0,64.444,0.0015556,0.00012,28,0.4,1,4.5,1,1,12,7.6667,27,2.8889,1.0889,0.16667,1.1,50
Case153,0,0,64.444,0.0015556,0.00012,23.556,0.4,1,4.5,1,1,12,7.6667,27,2.8889,1.0889,0.16667,1.1,50
Case154,0,0,64.444,0.0078889,0.00012,24.444,0.4,1,3.4,1,1,12,7.2222,27,4.0556,1.3111,0.16667,1.1,50
Case155,0,0,64.444,0.0078889,0.00012,24.444,0.4,1,3.4,1,1,12,7.2222,27,6,1.3111,0.16667,1.1,50
Case156,0,0,64.444,0.0078889,0.00012,24.444,0.4,1,8.9,1,1,12,7.2222,27,6,1.3111,0.16667,1.1,50
Case157,0,0,64.444,0.0026111,0.00012,24.444,0.4,1,8.9,1,1,12,7.2222,27,6,1.3111,0.16667,1.1,50
Case158,0,0,64.444,0.0026111,0.00012,24.444,0.4,1,8.9,1,1,12,7.2222,27,6,1.0889,0.16667,1.1,50
Case159,0,0,64.444,0.0026111,0.00012,24.444,0.4,1,8.9,1,1,12,7.2222,27,6,1.0889,0.33333,1.1,50
Case160,0,0,64.444,0.0026111,0.00012,24.444,0.4,1,8.9,1,1,12,5,27,6,1.0889,0.33333,1.1,50
Case161,0,0,25.556,0.0026111,0.00012,24.444,0.4,1,8.9,1,1,12,5,27,6,1.0889,0.33333,1.1,50
Case162,0,0,25.556,0.0026111,0.00012,20,0.4,1,8.9,1,1,12,5,27,6,1.0889,0.33333,1.1,50
Case163,0,0,17.778,0.0089444,0.00012,25.333,0.4,1,2.3,1,1,12,5,27,5.2222,1.3111,0.4,1.1,50
Case164,0,0,17.778,0.0089444,0.00012,20.889,0.4,1,2.3,1,1,12,5,27,5.2222,1.3111,0.4,1.1,50
Case165,0,0,17.778,0.0036667,0.00012,20.889,0.4,1,2.3,1,1,12,5,27,5.2222,1.3111,0.4,1.1,50
Case166,0,0,17.778,0.0036667,0.00012,20.889,0.4,1,2.3,1,1,12,7.2222,27,5.2222,1.3111,0.4,1.1,50
Case167,0,0,17.778,0.0036667,0.00012,20.889,0.4,1,2.3,1,1,12,7.2222,27,5.2222,1.3111,0.23333,1.1,50
Case168,0,0,17.778,0.0036667,0.00012,20.889,0.4,1,7.8,1,1,12,7.2222,27,5.2222,1.3111,0.23333,1.1,50
Case169,0,0,17.778,0.0036667,0.00012,20.889,0.4,1,7.8,1,1,12,7.2222,27,5.2222,1.0889,0.23333,1.1,50
Case170,0,0,17.778,0.0036667,0.00012,20.889,0.4,1,7.8,1,1,12,7.2222,27,3.2778,1.0889,0.23333,1.1,50
Case171,0,0,56.667,0.0036667,0.00012,20.889,0.4,1,7.8,1,1,12,7.2222,27,3.2778,1.0889,0.23333,1.1,50
Case172,0,0,41.111,0.0015556,0.00012,21.778,0.4,1,4.5,1,1,12,8.5556,27,3.2778,1.0444,0.33333,1.1,50
Case173,0,0,41.111,0.0015556,0.00012,21.778,0.4,1,10,1,1,12,8.5556,27,3.2778,1.0444,0.33333,1.1,50
Case174,0,0,41.111,0.0015556,0.00012,21.778,0.4,1,10,1,1,12,6.3333,27,3.2778,1.0444,0.33333,1.1,50
Case175,0,0,80,0.0015556,0.00012,21.778,0.4,1,10,1,1,12,6.3333,27,3.2778,1.0444,0.33333,1.1,50
Case176,0,0,80,0.0015556,0.00012,21.778,0.4,1,10,1,1,12,6.3333,27,5.2222,1.0444,0.33333,1.1,50
Case177,0,0,80,0.0068333,0.00012,21.778,0.4,1,10,1,1,12,6.3333,27,5.2222,1.0444,0.33333,1.1,50
Case178,0,0,80,0.0068333,0.00012,21.778,0.4,1,10,1,1,12,6.3333,27,5.2222,1.0444,0.16667,1.1,50
Case179,0,0,80,0.0068333,0.00012,26.222,0.4,1,10,1,1,12,6.3333,27,5.2222,1.0444,0.16667,1.1,50
Case180,0,0,80,0.0068333,0.00012,26.222,0.4,1,10,1,1,12,6.3333,27,5.2222,1.2667,0.16667,1.1,50
Case181,0,0,64.444,0.0036667,0.00012,24.444,0.4,1,8.9,1,1,12,7.2222,27,4.8333,1,0.16667,1.1,50
Case182,0,0,64.444,0.0036667,0.00012,24.444,0.4,1,8.9,1,1,12,5,27,4.8333,1,0.16667,1.1,50
Case183,0,0,64.444,0.0036667,0.00012,20,0.4,1,8.9,1,1,12,5,27,4.8333,1,0.16667,1.1,50
Case184,0,0,64.444,0.0036667,0.00012,20,0.4,1,3.4,1,1,12,5,27,4.8333,1,0.16667,1.1,50
Case185,0,0,64.444,0.0036667,0.00012,20,0.4,1,3.4,1,1,12,5,27,2.8889,1,0.16667,1.1,50
Case186,0,0,64.444,0.0036667,0.00012,20,0.4,1,3.4,1,1,12,5,27,2.8889,1,0.33333,1.1,50
Case187,0,0,25.556,0.0036667,0.00012,20,0.4,1,3.4,1,1,12,5,27,2.8889,1,0.33333,1.1,50
Case188,0,0,25.556,0.0036667,0.00012,20,0.4,1,3.4,1,1,12,5,27,2.8889,1.2222,0.33333,1.1,50
Case189,0,0,25.556,0.0089444,0.00012,20,0.4,1,3.4,1,1,12,5,27,2.8889,1.2222,0.33333,1.1,50
Case190,0,0,48.889,0.0068333,0.00012,24.444,0.4,1,1.2,1,1,12,8.5556,27,3.2778,1.0889,0.3,1.1,50
Case191,0,0,48.889,0.0068333,0.00012,24.444,0.4,1,1.2,1,1,12,8.5556,27,5.2222,1.0889,0.3,1.1,50
Case192,0,0,48.889,0.0068333,0.00012,24.444,0.4,1,1.2,1,1,12,8.5556,27,5.2222,1.3111,0.3,1.1,50
Case193,0,0,48.889,0.0068333,0.00012,24.444,0.4,1,1.2,1,1,12,6.3333,27,5.2222,1.3111,0.3,1.1,50
Case194,0,0,48.889,0.0068333,0.00012,24.444,0.4,1,1.2,1,1,12,6.3333,27,5.2222,1.3111,0.13333,1.1,50
Case195,0,0,48.889,0.0068333,0.00012,24.444,0.4,1,6.7,1,1,12,6.3333,27,5.2222,1.3111,0.13333,1.1,50
Case196,0,0,48.889,0.0015556,0.00012,24.444,0.4,1,6.7,1,1,12,6.3333,27,5.2222,1.3111,0.13333,1.1,50
Case197,0,0,48.889,0.0015556,0.00012,20,0.4,1,6.7,1,1,12,6.3333,27,5.2222,1.3111,0.13333,1.1,50
Case198,0,0,10,0.0015556,0.00012,20,0.4,1,6.7,1,1,12,6.3333,27,5.2222,1.3111,0.13333,1.1,50
Case199,0,0,72.222,0.0036667,0.00012,25.333,0.4,1,4.5,1,1,12,5.8889,27,4.8333,1.0444,0.36667,1.1,50
Case200,0,0,72.222,0.0036667,0.00012,25.333,0.4,1,10,1,1,12,5.8889,27,4.8333,1.0444,0.36667,1.1,50
Case201,0,0,72.222,0.0036667,0.00012,25.333,0.4,1,10,1,1,12,5.8889,27,4.8333,1.2667,0.36667,1.1,50
Case202,0,0,72.222,0.0036667,0.00012,25.333,0.4,1,10,1,1,12,5.8889,27,4.8333,1.2667,0.2,1.1,50
Case203,0,0,72.222,0.0036667,0.00012,25.333,0.4,1,10,1,1,12,8.1111,27,4.8333,1.2667,0.2,1.1,50
Case204,0,0,72.222,0.0036667,0.00012,20.889,0.4,1,10,1,1,12,8.1111,27,4.8333,1.2667,0.2,1.1,50
Case205,0,0,33.333,0.0036667,0.00012,20.889,0.4,1,10,1,1,12,8.1111,27,4.8333,1.2667,0.2,1.1,50
Case206,0,0,33.333,0.0036667,0.00012,20.889,0.4,1,10,1,1,12,8.1111,27,2.8889,1.2667,0.2,1.1,50
Case207,0,0,33.333,0.0089444,0.00012,20.889,0.4,1,10,1,1,12,8.1111,27,2.8889,1.2667,0.2,1.1,50
Case208,0,0,10,0.0015556,0.00012,27.111,0.4,1,0.1,1,1,12,6.3333,27,3.2778,1.3556,0.13333,1.1,50
Case209,0,0,10,0.0015556,0.00012,27.111,0.4,1,0.1,1,1,12,6.3333,27,3.2778,1.1333,0.13333,1.1,50
Case210,0,0,10,0.0015556,0.00012,22.667,0.4,1,0.1,1,1,12,6.3333,27,3.2778,1.1333,0.13333,1.1,50
Case211,0,0,10,0.0015556,0.00012,22.667,0.4,1,0.1,1,1,12,6.3333,27,3.2778,1.1333,0.3,1.1,50
Case212,0,0,48.889,0.0015556,0.00012,22.667,0.4,1,0.1,1,1,12,6.3333,27,3.2778,1.1333,0.3,1.1,50
Case213,0,0,48.889,0.0015556,0.00012,22.667,0.4,1,0.1,1,1,12,8.5556,27,3.2778,1.1333,0.3,1.1,50
Case214,0,0,48.889,0.0068333,0.00012,22.667,0.4,1,0.1,1,1,12,8.5556,27,3.2778,1.1333,0.3,1.1,50
Case215,0,0,48.889,0.0068333,0.00012,22.667,0.4,1,0.1,1,1,12,8.5556,27,5.2222,1.1333,0.3,1.1,50
Case216,0,0,48.889,0.0068333,0.00012,22.667,0.4,1,5.6,1,1,12,8.5556,27,5.2222,1.1333,0.3,1.1,50
Case217,0,0,41.111,0.01,0.00012,26.222,0.4,1,4.5,1,1,12,9,27,4.8333,1.4,0.33333,1.1,50
Case218,0,0,41.111,0.0047222,0.00012,26.222,0.4,1,4.5,1,1,12,9,27,4.8333,1.4,0.33333,1.1,50
Case219,0,0,41.111,0.0047222,0.00012,26.222,0.4,1,10,1,1,12,9,27,4.8333,1.4,0.33333,1.1,50
Case220,0,0,41.111,0.0047222,0.00012,26.222,0.4,1,10,1,1,12,9,27,2.8889,1.4,0.33333,1.1,50
Case221,0,0,41.111,0.0047222,0.00012,26.222,0.4,1,10,1,1,12,9,27,2.8889,1.4,0.16667,1.1,50
Case222,0,0,41.111,0.0047222,0.00012,26.222,0.4,1,10,1,1,12,9,27,2.8889,1.1778,0.16667,1.1,50
Case223,0,0,41.111,0.0047222,0.00012,21.778,0.4,1,10,1,1,12,9,27,2.8889,1.1778,0.16667,1.1,50
Case224,0,0,41.111,0.0047222,0.00012,21.778,0.4,1,10,1,1,12,6.7778,27,2.8889,1.1778,0.16667,1.1,50
Case225,0,0,80,0.0047222,0.00012,21.778,0.4,1,10,1,1,12,6.7778,27,2.8889,1.1778,0.16667,1.1,50
Case226,0,0,64.444,0.0068333,0.00012,26.222,0.4,1,6.7,1,1,12,8.1111,27,5.6111,1.2222,0.26667,1.1,50
Case227,0,0,25.556,0.0068333,0.00012,26.222,0.4,1,6.7,1,1,12,8.1111,27,5.6111,1.2222,0.26667,1.1,50
Case228,0,0,25.556,0.0068333,0.00012,26.222,0.4,1,6.7,1,1,12,8.1111,27,5.6111,1,0.26667,1.1,50
Case229,0,0,25.556,0.0068333,0.00012,26.222,0.4,1,6.7,1,1,12,5.8889,27,5.6111,1,0.26667,1.1,50
Case230,0,0,25.556,0.0068333,0.00012,26.222,0.4,1,6.7,1,1,12,5.8889,27,5.6111,1,0.1,1.1,50
Case231,0,0,25.556,0.0068333,0.00012,26.222,0.4,1,1.2,1,1,12,5.8889,27,5.6111,1,0.1,1.1,50
Case232,0,0,25.556,0.0068333,0.00012,21.778,0.4,1,1.2,1,1,12,5.8889,27,5.6111,1,0.1,1.1,50
Case233,0,0,25.556,0.0068333,0.00012,21.778,0.4,1,1.2,1,1,12,5.8889,27,3.6667,1,0.1,1.1,50
Case234,0,0,25.556,0.0015556,0.00012,21.778,0.4,1,1.2,1,1,12,5.8889,27,3.6667,1,0.1,1.1,50
Case235,0,0,80,0.0068333,0.00012,28,0.4,1,10,1,1,12,7.6667,27,5.2222,1.3556,0.16667,1.1,50
Case236,0,0,80,0.0068333,0.00012,28,0.4,1,10,1,1,12,7.6667,27,5.2222,1.3556,0.33333,1.1,50
Case237,0,0,80,0.0068333,0.00012,28,0.4,1,10,1,1,12,5.4444,27,5.2222,1.3556,0.33333,1.1,50
Case238,0,0,41.111,0.0068333,0.00012,28,0.4,1,10,1,1,12,5.4444,27,5.2222,1.3556,0.33333,1.1,50
Case239,0,0,41.111,0.0015556,0.00012,28,0.4,1,10,1,1,12,5.4444,27,5.2222,1.3556,0.33333,1.1,50
Case240,0,0,41.111,0.0015556,0.00012,28,0.4,1,10,1,1,12,5.4444,27,5.2222,1.1333,0.33333,1.1,50
Case241,0,0,41.111,0.0015556,0.00012,28,0.4,1,4.5,1,1,12,5.4444,27,5.2222,1.1333,0.33333,1.1,50
Case242,0,0,41.111,0.0015556,0.00012,28,0.4,1,4.5,1,1,12,5.4444,27,3.2778,1.1333,0.33333,1.1,50
Case243,0,0,41.111,0.0015556,0.00012,23.556,0.4,1,4.5,1,1,12,5.4444,27,3.2778,1.1333,0.33333,1.1,50
Case244,0,0,25.556,0.0015556,0.00012,27.111,0.4,1,3.4,1,1,12,5.8889,27,3.6667,1,0.4,1.1,50
Case245,0,0,25.556,0.0015556,0.00012,27.111,0.4,1,3.4,1,1,12,5.8889,27,5.6111,1,0.4,1.1,50
Case246,0,0,25.556,0.0015556,0.00012,27.111,0.4,1,8.9,1,1,12,5.8889,27,5.6111,1,0.4,1.1,50
Case247,0,0,25.556,0.0015556,0.00012,27.111,0.4,1,8.9,1,1,12,8.1111,27,5.6111,1,0.4,1.1,50
Case248,0,0,25.556,0.0068333,0.00012,27.111,0.4,1,8.9,1,1,12,8.1111,27,5.6111,1,0.4,1.1,50
Case249,0,0,64.444,0.0068333,0.00012,27.111,0.4,1,8.9,1,1,12,8.1111,27,5.6111,1,0.4,1.1,50
Case250,0,0,64.444,0.0068333,0.00012,22.667,0.4,1,8.9,1,1,12,8.1111,27,5.6111,1,0.4,1.1,50
Case251,0,0,64.444,0.0068333,0.00012,22.667,0.4,1,8.9,1,1,12,8.1111,27,5.6111,1.2222,0.4,1.1,50
Case252,0,0,64.444,0.0068333,0.00012,22.667,0.4,1,8.9,1,1,12,8.1111,27,5.6111,1.2222,0.23333,1.1,50
Case253,0,0,33.333,0.0089444,0.00012,23.556,0.4,1,8.9,1,1,12,6.3333,27,4.0556,1.4,0.26667,1.1,50
Case254,0,0,33.333,0.0089444,0.00012,28,0.4,1,8.9,1,1,12,6.3333,27,4.0556,1.4,0.26667,1.1,50
Case255,0,0,72.222,0.0089444,0.00012,28,0.4,1,8.9,1,1,12,6.3333,27,4.0556,1.4,0.26667,1.1,50
Case256,0,0,72.222,0.0089444,0.00012,28,0.4,1,8.9,1,1,12,6.3333,27,6,1.4,0.26667,1.1,50
Case257,0,0,72.222,0.0089444,0.00012,28,0.4,1,8.9,1,1,12,6.3333,27,6,1.1778,0.26667,1.1,50
Case258,0,0,72.222,0.0089444,0.00012,28,0.4,1,8.9,1,1,12,6.3333,27,6,1.1778,0.1,1.1,50
Case259,0,0,72.222,0.0089444,0.00012,28,0.4,1,8.9,1,1,12,8.5556,27,6,1.1778,0.1,1.1,50
Case260,0,0,72.222,0.0089444,0.00012,28,0.4,1,3.4,1,1,12,8.5556,27,6,1.1778,0.1,1.1,50
Case261,0,0,72.222,0.0036667,0.00012,28,0.4,1,3.4,1,1,12,8.5556,27,6,1.1778,0.1,1.1,50
Case262,0,0,17.778,0.0068333,0.00012,24.444,0.4,1,7.8,1,1,12,6.7778,27,3.6667,1.3111,0.1,1.1,50
Case263,0,0,56.667,0.0068333,0.00012,24.444,0.4,1,7.8,1,1,12,6.7778,27,3.6667,1.3111,0.1,1.1,50
Case264,0,0,56.667,0.0068333,0.00012,20,0.4,1,7.8,1,1,12,6.7778,27,3.6667,1.3111,0.1,1.1,50
Case265,0,0,56.667,0.0068333,0.00012,20,0.4,1,7.8,1,1,12,6.7778,27,5.6111,1.3111,0.1,1.1,50
Case266,0,0,56.667,0.0068333,0.00012,20,0.4,1,2.3,1,1,12,6.7778,27,5.6111,1.3111,0.1,1.1,50
Case267,0,0,56.667,0.0068333,0.00012,20,0.4,1,2.3,1,1,12,6.7778,27,5.6111,1.0889,0.1,1.1,50
Case268,0,0,56.667,0.0015556,0.00012,20,0.4,1,2.3,1,1,12,6.7778,27,5.6111,1.0889,0.1,1.1,50
Case269,0,0,56.667,0.0015556,0.00012,20,0.4,1,2.3,1,1,12,6.7778,27,5.6111,1.0889,0.26667,1.1,50
Case270,0,0,56.667,0.0015556,0.00012,20,0.4,1,2.3,1,1,12,9,27,5.6111,1.0889,0.26667,1.1,50
Case271,0,0,72.222,0.01,0.00012,22.667,0.4,1,3.4,1,1,12,5.8889,27,4.0556,1,0.23333,1.1,50
Case272,0,0,72.222,0.01,0.00012,22.667,0.4,1,3.4,1,1,12,8.1111,27,4.0556,1,0.23333,1.1,50
Case273,0,0,72.222,0.01,0.00012,27.111,0.4,1,3.4,1,1,12,8.1111,27,4.0556,1,0.23333,1.1,50
Case274,0,0,72.222,0.01,0.00012,27.111,0.4,1,3.4,1,1,12,8.1111,27,4.0556,1,0.4,1.1,50
Case275,0,0,33.333,0.01,0.00012,27.111,0.4,1,3.4,1,1,12,8.1111,27,4.0556,1,0.4,1.1,50
Case276,0,0,33.333,0.01,0.00012,27.111,0.4,1,3.4,1,1,12,8.1111,27,4.0556,1.2222,0.4,1.1,50
Case277,0,0,33.333,0.01,0.00012,27.111,0.4,1,3.4,1,1,12,8.1111,27,6,1.2222,0.4,1.1,50
Case278,0,0,33.333,0.01,0.00012,27.111,0.4,1,8.9,1,1,12,8.1111,27,6,1.2222,0.4,1.1,50
Case279,0,0,33.333,0.0047222,0.00012,27.111,0.4,1,8.9,1,1,12,8.1111,27,6,1.2222,0.4,1.1,50
Case280,0,0,25.556,0.0015556,0.00012,28,0.4,1,0.1,1,1,12,6.7778,27,4.0556,1,0.13333,1.1,50
Case281,0,0,25.556,0.0015556,0.00012,28,0.4,1,0.1,1,1,12,6.7778,27,4.0556,1,0.3,1.1,50
Case282,0,0,25.556,0.0015556,0.00012,28,0.4,1,0.1,1,1,12,9,27,4.0556,1,0.3,1.1,50
Case283,0,0,25.556,0.0015556,0.00012,23.556,0.4,1,0.1,1,1,12,9,27,4.0556,1,0.3,1.1,50
Case284,0,0,25.556,0.0068333,0.00012,23.556,0.4,1,0.1,1,1,12,9,27,4.0556,1,0.3,1.1,50
Case285,0,0,25.556,0.0068333,0.00012,23.556,0.4,1,5.6,1,1,12,9,27,4.0556,1,0.3,1.1,50
Case286,0,0,64.444,0.0068333,0.00012,23.556,0.4,1,5.6,1,1,12,9,27,4.0556,1,0.3,1.1,50
Case287,0,0,64.444,0.0068333,0.00012,23.556,0.4,1,5.6,1,1,12,9,27,6,1,0.3,1.1,50
Case288,0,0,64.444,0.0068333,0.00012,23.556,0.4,1,5.6,1,1,12,9,27,6,1.2222,0.3,1.1,50
Case289,0,0,64.444,0.0015556,0.00012,26.222,0.4,1,10,1,1,12,6.7778,27,3.6667,1.0444,0.3,1.1,50
Case290,0,0,64.444,0.0015556,0.00012,26.222,0.4,1,10,1,1,12,6.7778,27,3.6667,1.2667,0.3,1.1,50
Case291,0,0,64.444,0.0015556,0.00012,26.222,0.4,1,10,1,1,12,6.7778,27,5.6111,1.2667,0.3,1.1,50
Case292,0,0,64.444,0.0015556,0.00012,26.222,0.4,1,10,1,1,12,6.7778,27,5.6111,1.2667,0.13333,1.1,50
Case293,0,0,64.444,0.0068333,0.00012,26.222,0.4,1,10,1,1,12,6.7778,27,5.6111,1.2667,0.13333,1.1,50
Case294,0,0,64.444,0.0068333,0.00012,26.222,0.4,1,10,1,1,12,9,27,5.6111,1.2667,0.13333,1.1,50
Case295,0,0,64.444,0.0068333,0.00012,26.222,0.4,1,4.5,1,1,12,9,27,5.6111,1.2667,0.13333,1.1,50
Case296,0,0,64.444,0.0068333,0.00012,21.778,0.4,1,4.5,1,1,12,9,27,5.6111,1.2667,0.13333,1.1,50
Case297,0,0,25.556,0.0068333,0.00012,21.778,0.4,1,4.5,1,1,12,9,27,5.6111,1.2667,0.13333,1.1,50
Case298,0,0,33.333,0.0015556,0.00012,26.222,0.4,1,5.6,1,1,12,5,27,6,1.2667,0.3,1.1,50
Case299,0,0,33.333,0.0015556,0.00012,26.222,0.4,1,5.6,1,1,12,5,27,6,1.0444,0.3,1.1,50
Case300,0,0,33.333,0.0015556,0.00012,21.778,0.4,1,5.6,1,1,12,5,27,6,1.0444,0.3,1.1,50
Case301,0,0,33.333,0.0015556,0.00012,21.778,0.4,1,5.6,1,1,12,5,27,6,1.0444,0.13333,1.1,50
Case302,0,0,72.222,0.0015556,0.00012,21.778,0.4,1,5.6,1,1,12,5,27,6,1.0444,0.13333,1.1,50
Case303,0,0,72.222,0.0068333,0.00012,21.778,0.4,1,5.6,1,1,12,5,27,6,1.0444,0.13333,1.1,50
Case304,0,0,72.222,0.0068333,0.00012,21.778,0.4,1,5.6,1,1,12,7.2222,27,6,1.0444,0.13333,1.1,50
Case305,0,0,72.222,0.0068333,0.00012,21.778,0.4,1,0.1,1,1,12,7.2222,27,6,1.0444,0.13333,1.1,50
Case306,0,0,72.222,0.0068333,0.00012,21.778,0.4,1,0.1,1,1,12,7.2222,27,4.0556,1.0444,0.13333,1.1,50
Case307,0,0,41.111,0.0047222,0.00012,26.222,0.4,1,8.9,1,1,12,5.8889,27,5.6111,1.1778,0.13333,1.1,50
Case308,0,0,41.111,0.0047222,0.00012,26.222,0.4,1,8.9,1,1,12,5.8889,27,5.6111,1.1778,0.3,1.1,50
Case309,0,0,41.111,0.01,0.00012,26.222,0.4,1,8.9,1,1,12,5.8889,27,5.6111,1.1778,0.3,1.1,50
Case310,0,0,41.111,0.01,0.00012,26.222,0.4,1,3.4,1,1,12,5.8889,27,5.6111,1.1778,0.3,1.1,50
Case311,0,0,41.111,0.01,0.00012,26.222,0.4,1,3.4,1,1,12,5.8889,27,3.6667,1.1778,0.3,1.1,50
Case312,0,0,41.111,0.01,0.00012,21.778,0.4,1,3.4,1,1,12,5.8889,27,3.6667,1.1778,0.3,1.1,50
Case313,0,0,41.111,0.01,0.00012,21.778,0.4,1,3.4,1,1,12,5.8889,27,3.6667,1.4,0.3,1.1,50
Case314,0,0,41.111,0.01,0.00012,21.778,0.4,1,3.4,1,1,12,8.1111,27,3.6667,1.4,0.3,1.1,50
Case315,0,0,80,0.01,0.00012,21.778,0.4,1,3.4,1,1,12,8.1111,27,3.6667,1.4,0.3,1.1,50
Case316,0,0,33.333,0.0068333,0.00012,21.778,0.4,1,1.2,1,1,12,7.6667,27,5.6111,1.3111,0.4,1.1,50
Case317,0,0,33.333,0.0068333,0.00012,21.778,0.4,1,6.7,1,1,12,7.6667,27,5.6111,1.3111,0.4,1.1,50
Case318,0,0,33.333,0.0068333,0.00012,21.778,0.4,1,6.7,1,1,12,7.6667,27,3.6667,1.3111,0.4,1.1,50
Case319,0,0,72.222,0.0068333,0.00012,21.778,0.4,1,6.7,1,1,12,7.6667,27,3.6667,1.3111,0.4,1.1,50
Case320,0,0,72.222,0.0068333,0.00012,21.778,0.4,1,6.7,1,1,12,7.6667,27,3.6667,1.3111,0.23333,1.1,50
Case321,0,0,72.222,0.0015556,0.00012,21.778,0.4,1,6.7,1,1,12,7.6667,27,3.6667,1.3111,0.23333,1.1,50
Case322,0,0,72.222,0.0015556,0.00012,26.222,0.4,1,6.7,1,1,12,7.6667,27,3.6667,1.3111,0.23333,1.1,50
Case323,0,0,72.222,0.0015556,0.00012,26.222,0.4,1,6.7,1,1,12,7.6667,27,3.6667,1.0889,0.23333,1.1,50
Case324,0,0,72.222,0.0015556,0.00012,26.222,0.4,1,6.7,1,1,12,5.4444,27,3.6667,1.0889,0.23333,1.1,50
Case325,0,0,33.333,0.0036667,0.00012,22.667,0.4,1,4.5,1,1,12,9,27,3.6667,1.1778,0.4,1.1,50
Case326,0,0,33.333,0.0036667,0.00012,22.667,0.4,1,10,1,1,12,9,27,3.6667,1.1778,0.4,1.1,50
Case327,0,0,33.333,0.0036667,0.00012,22.667,0.4,1,10,1,1,12,9,27,3.6667,1.4,0.4,1.1,50
Case328,0,0,33.333,0.0036667,0.00012,22.667,0.4,1,10,1,1,12,9,27,3.6667,1.4,0.23333,1.1,50
Case329,0,0,33.333,0.0036667,0.00012,22.667,0.4,1,10,1,1,12,6.7778,27,3.6667,1.4,0.23333,1.1,50
Case330,0,0,72.222,0.0036667,0.00012,22.667,0.4,1,10,1,1,12,6.7778,27,3.6667,1.4,0.23333,1.1,50
Case331,0,0,72.222,0.0036667,0.00012,22.667,0.4,1,10,1,1,12,6.7778,27,5.6111,1.4,0.23333,1.1,50
Case332,0,0,72.222,0.0089444,0.00012,22.667,0.4,1,10,1,1,12,6.7778,27,5.6111,1.4,0.23333,1.1,50
Case333,0,0,72.222,0.0089444,0.00012,27.111,0.4,1,10,1,1,12,6.7778,27,5.6111,1.4,0.23333,1.1,50
Case334,0,0,64.444,0.0015556,0.00012,28,0.4,1,6.7,1,1,12,8.5556,27,6,1,0.16667,1.1,50
Case335,0,0,64.444,0.0015556,0.00012,28,0.4,1,6.7,1,1,12,8.5556,27,4.0556,1,0.16667,1.1,50
Case336,0,0,64.444,0.0015556,0.00012,28,0.4,1,1.2,1,1,12,8.5556,27,4.0556,1,0.16667,1.1,50
Case337,0,0,25.556,0.0015556,0.00012,28,0.4,1,1.2,1,1,12,8.5556,27,4.0556,1,0.16667,1.1,50
Case338,0,0,25.556,0.0015556,0.00012,28,0.4,1,1.2,1,1,12,8.5556,27,4.0556,1.2222,0.16667,1.1,50
Case339,0,0,25.556,0.0015556,0.00012,28,0.4,1,1.2,1,1,12,8.5556,27,4.0556,1.2222,0.33333,1.1,50
Case340,0,0,25.556,0.0068333,0.00012,28,0.4,1,1.2,1,1,12,8.5556,27,4.0556,1.2222,0.33333,1.1,50
Case341,0,0,25.556,0.0068333,0.00012,23.556,0.4,1,1.2,1,1,12,8.5556,27,4.0556,1.2222,0.33333,1.1,50
Case342,0,0,25.556,0.0068333,0.00012,23.556,0.4,1,1.2,1,1,12,6.3333,27,4.0556,1.2222,0.33333,1.1,50
Case343,0,0,80,0.0078889,0.00012,22.667,0.4,1,8.9,1,1,12,6.7778,27,4.8333,1.0889,0.26667,1.1,50
Case344,0,0,80,0.0078889,0.00012,22.667,0.4,1,8.9,1,1,12,6.7778,27,4.8333,1.3111,0.26667,1.1,50
Case345,0,0,80,0.0026111,0.00012,22.667,0.4,1,8.9,1,1,12,6.7778,27,4.8333,1.3111,0.26667,1.1,50
Case346,0,0,41.111,0.0026111,0.00012,22.667,0.4,1,8.9,1,1,12,6.7778,27,4.8333,1.3111,0.26667,1.1,50
Case347,0,0,41.111,0.0026111,0.00012,22.667,0.4,1,8.9,1,1,12,9,27,4.8333,1.3111,0.26667,1.1,50
Case348,0,0,41.111,0.0026111,0.00012,22.667,0.4,1,3.4,1,1,12,9,27,4.8333,1.3111,0.26667,1.1,50
Case349,0,0,41.111,0.0026111,0.00012,27.111,0.4,1,3.4,1,1,12,9,27,4.8333,1.3111,0.26667,1.1,50
Case350,0,0,41.111,0.0026111,0.00012,27.111,0.4,1,3.4,1,1,12,9,27,2.8889,1.3111,0.26667,1.1,50
Case351,0,0,41.111,0.0026111,0.00012,27.111,0.4,1,3.4,1,1,12,9,27,2.8889,1.3111,0.1,1.1,50
Case352,0,0,80,0.0068333,0.00012,26.222,0.4,1,1.2,1,1,12,5.8889,27,4.0556,1.2222,0.26667,1.1,50
Case353,0,0,80,0.0068333,0.00012,26.222,0.4,1,1.2,1,1,12,5.8889,27,4.0556,1,0.26667,1.1,50
Case354,0,0,80,0.0068333,0.00012,26.222,0.4,1,1.2,1,1,12,8.1111,27,4.0556,1,0.26667,1.1,50
Case355,0,0,80,0.0068333,0.00012,26.222,0.4,1,6.7,1,1,12,8.1111,27,4.0556,1,0.26667,1.1,50
Case356,0,0,41.111,0.0068333,0.00012,26.222,0.4,1,6.7,1,1,12,8.1111,27,4.0556,1,0.26667,1.1,50
Case357,0,0,41.111,0.0068333,0.00012,26.222,0.4,1,6.7,1,1,12,8.1111,27,4.0556,1,0.1,1.1,50
Case358,0,0,41.111,0.0068333,0.00012,21.778,0.4,1,6.7,1,1,12,8.1111,27,4.0556,1,0.1,1.1,50
Case359,0,0,41.111,0.0015556,0.00012,21.778,0.4,1,6.7,1,1,12,8.1111,27,4.0556,1,0.1,1.1,50
Case360,0,0,41.111,0.0015556,0.00012,21.778,0.4,1,6.7,1,1,12,8.1111,27,6,1,0.1,1.1,50
Case361,0,0,25.556,0.0047222,0.00012,25.333,0.4,1,7.8,1,1,12,5.4444,27,2.8889,1.3556,0.36667,1.1,50
Case362,0,0,25.556,0.0047222,0.00012,20.889,0.4,1,7.8,1,1,12,5.4444,27,2.8889,1.3556,0.36667,1.1,50
Case363,0,0,25.556,0.0047222,0.00012,20.889,0.4,1,2.3,1,1,12,5.4444,27,2.8889,1.3556,0.36667,1.1,50
Case364,0,0,64.444,0.0047222,0.00012,20.889,0.4,1,2.3,1,1,12,5.4444,27,2.8889,1.3556,0.36667,1.1,50
Case365,0,0,64.444,0.0047222,0.00012,20.889,0.4,1,2.3,1,1,12,5.4444,27,2.8889,1.1333,0.36667,1.1,50
Case366,0,0,64.444,0.0047222,0.00012,20.889,0.4,1,2.3,1,1,12,7.6667,27,2.8889,1.1333,0.36667,1.1,50
Case367,0,0,64.444,0.0047222,0.00012,20.889,0.4,1,2.3,1,1,12,7.6667,27,2.8889,1.1333,0.2,1.1,50
Case368,0,0,64.444,0.01,0.00012,20.889,0.4,1,2.3,1,1,12,7.6667,27,2.8889,1.1333,0.2,1.1,50
Case369,0,0,64.444,0.01,0.00012,20.889,0.4,1,2.3,1,1,12,7.6667,27,4.8333,1.1333,0.2,1.1,50
Case370,0,0,33.333,0.0068333,0.00012,24.444,0.4,1,3.4,1,1,12,7.6667,27,5.6111,1.4,0.13333,1.1,50
Case371,0,0,33.333,0.0068333,0.00012,24.444,0.4,1,3.4,1,1,12,5.4444,27,5.6111,1.4,0.13333,1.1,50
Case372,0,0,33.333,0.0068333,0.00012,24.444,0.4,1,3.4,1,1,12,5.4444,27,3.6667,1.4,0.13333,1.1,50
Case373,0,0,33.333,0.0068333,0.00012,20,0.4,1,3.4,1,1,12,5.4444,27,3.6667,1.4,0.13333,1.1,50
Case374,0,0,33.333,0.0068333,0.00012,20,0.4,1,8.9,1,1,12,5.4444,27,3.6667,1.4,0.13333,1.1,50
Case375,0,0,33.333,0.0068333,0.00012,20,0.4,1,8.9,1,1,12,5.4444,27,3.6667,1.4,0.3,1.1,50
Case376,0,0,33.333,0.0015556,0.00012,20,0.4,1,8.9,1,1,12,5.4444,27,3.6667,1.4,0.3,1.1,50
Case377,0,0,72.222,0.0015556,0.00012,20,0.4,1,8.9,1,1,12,5.4444,27,3.6667,1.4,0.3,1.1,50
Case378,0,0,72.222,0.0015556,0.00012,20,0.4,1,8.9,1,1,12,5.4444,27,3.6667,1.1778,0.3,1.1,50
Case379,0,0,56.667,0.0047222,0.00012,20.889,0.4,1,1.2,1,1,12,8.5556,27,6,1.3556,0.23333,1.1,50
Case380,0,0,56.667,0.01,0.00012,20.889,0.4,1,1.2,1,1,12,8.5556,27,6,1.3556,0.23333,1.1,50
Case381,0,0,56.667,0.01,0.00012,20.889,0.4,1,1.2,1,1,12,8.5556,27,6,1.3556,0.4,1.1,50
Case382,0,0,56.667,0.01,0.00012,20.889,0.4,1,6.7,1,1,12,8.5556,27,6,1.3556,0.4,1.1,50
Case383,0,0,56.667,0.01,0.00012,20.889,0.4,1,6.7,1,1,12,8.5556,27,6,1.1333,0.4,1.1,50
Case384,0,0,56.667,0.01,0.00012,25.333,0.4,1,6.7,1,1,12,8.5556,27,6,1.1333,0.4,1.1,50
Case385,0,0,56.667,0.01,0.00012,25.333,0.4,1,6.7,1,1,12,6.3333,27,6,1.1333,0.4,1.1,50
Case386,0,0,17.778,0.01,0.00012,25.333,0.4,1,6.7,1,1,12,6.3333,27,6,1.1333,0.4,1.1,50
Case387,0,0,17.778,0.01,0.00012,25.333,0.4,1,6.7,1,1,12,6.3333,27,4.0556,1.1333,0.4,1.1,50
Case388,0,0,56.667,0.01,0.00012,24.444,0.4,1,10,1,1,12,7.2222,27,4.8333,1,0.4,1.1,50
Case389,0,0,56.667,0.01,0.00012,24.444,0.4,1,4.5,1,1,12,7.2222,27,4.8333,1,0.4,1.1,50
Case390,0,0,56.667,0.01,0.00012,20,0.4,1,4.5,1,1,12,7.2222,27,4.8333,1,0.4,1.1,50
Case391,0,0,56.667,0.01,0.00012,20,0.4,1,4.5,1,1,12,5,27,4.8333,1,0.4,1.1,50
Case392,0,0,56.667,0.0047222,0.00012,20,0.4,1,4.5,1,1,12,5,27,4.8333,1,0.4,1.1,50
Case393,0,0,56.667,0.0047222,0.00012,20,0.4,1,4.5,1,1,12,5,27,4.8333,1.2222,0.4,1.1,50
Case394,0,0,56.667,0.0047222,0.00012,20,0.4,1,4.5,1,1,12,5,27,4.8333,1.2222,0.23333,1.1,50
Case395,0,0,17.778,0.0047222,0.00012,20,0.4,1,4.5,1,1,12,5,27,4.8333,1.2222,0.23333,1.1,50
Case396,0,0,17.778,0.0047222,0.00012,20,0.4,1,4.5,1,1,12,5,27,2.8889,1.2222,0.23333,1.1,50
Case397,0,0,48.889,0.0068333,0.00012,22.667,0.4,1,6.7,1,1,12,5.8889,27,5.6111,1.0444,0.2,1.1,50
Case398,0,0,10,0.0068333,0.00012,22.667,0.4,1,6.7,1,1,12,5.8889,27,5.6111,1.0444,0.2,1.1,50
Case399,0,0,10,0.0068333,0.00012,22.667,0.4,1,1.2,1,1,12,5.8889,27,5.6111,1.0444,0.2,1.1,50
Case400,0,0,10,0.0068333,0.00012,22.667,0.4,1,1.2,1,1,12,5.8889,27,3.6667,1.0444,0.2,1.1,50
Case401,0,0,10,0.0015556,0.00012,22.667,0.4,1,1.2,1,1,12,5.8889,27,3.6667,1.0444,0.2,1.1,50
Case402,0,0,10,0.0015556,0.00012,27.111,0.4,1,1.2,1,1,12,5.8889,27,3.6667,1.0444,0.2,1.1,50
Case403,0,0,10,0.0015556,0.00012,27.111,0.4,1,1.2,1,1,12,5.8889,27,3.6667,1.0444,0.36667,1.1,50
Case404,0,0,10,0.0015556,0.00012,27.111,0.4,1,1.2,1,1,12,5.8889,27,3.6667,1.2667,0.36667,1.1,50
Case405,0,0,10,0.0015556,0.00012,27.111,0.4,1,1.2,1,1,12,8.1111,27,3.6667,1.2667,0.36667,1.1,50
Case406,0,0,56.667,0.0089444,0.00012,20,0.4,1,10,1,1,12,6.3333,27,4.8333,1.2667,0.4,1.1,50
Case407,0,0,56.667,0.0089444,0.00012,20,0.4,1,10,1,1,12,8.5556,27,4.8333,1.2667,0.4,1.1,50
Case408,0,0,56.667,0.0089444,0.00012,20,0.4,1,10,1,1,12,8.5556,27,4.8333,1.2667,0.23333,1.1,50
Case409,0,0,56.667,0.0036667,0.00012,20,0.4,1,10,1,1,12,8.5556,27,4.8333,1.2667,0.23333,1.1,50
Case410,0,0,56.667,0.0036667,0.00012,20,0.4,1,10,1,1,12,8.5556,27,4.8333,1.0444,0.23333,1.1,50
Case411,0,0,17.778,0.0036667,0.00012,20,0.4,1,10,1,1,12,8.5556,27,4.8333,1.0444,0.23333,1.1,50
Case412,0,0,17.778,0.0036667,0.00012,20,0.4,1,10,1,1,12,8.5556,27,2.8889,1.0444,0.23333,1.1,50
Case413,0,0,17.778,0.0036667,0.00012,20,0.4,1,4.5,1,1,12,8.5556,27,2.8889,1.0444,0.23333,1.1,50
Case414,0,0,17.778,0.0036667,0.00012,24.444,0.4,1,4.5,1,1,12,8.5556,27,2.8889,1.0444,0.23333,1.1,50
Case415,0,0,80,0.0026111,0.00012,28,0.4,1,4.5,1,1,12,9,27,4.0556,1.2222,0.23333,1.1,50
Case416,0,0,80,0.0026111,0.00012,28,0.4,1,4.5,1,1,12,6.7778,27,4.0556,1.2222,0.23333,1.1,50
Case417,0,0,80,0.0026111,0.00012,23.556,0.4,1,4.5,1,1,12,6.7778,27,4.0556,1.2222,0.23333,1.1,50
Case418,0,0,80,0.0026111,0.00012,23.556,0.4,1,10,1,1,12,6.7778,27,4.0556,1.2222,0.23333,1.1,50
Case419,0,0,80,0.0078889,0.00012,23.556,0.4,1,10,1,1,12,6.7778,27,4.0556,1.2222,0.23333,1.1,50
Case420,0,0,41.111,0.0078889,0.00012,23.556,0.4,1,10,1,1,12,6.7778,27,4.0556,1.2222,0.23333,1.1,50
Case421,0,0,41.111,0.0078889,0.00012,23.556,0.4,1,10,1,1,12,6.7778,27,4.0556,1,0.23333,1.1,50
Case422,0,0,41.111,0.0078889,0.00012,23.556,0.4,1,10,1,1,12,6.7778,27,6,1,0.23333,1.1,50
Case423,0,0,41.111,0.0078889,0.00012,23.556,0.4,1,10,1,1,12,6.7778,27,6,1,0.4,1.1,50
Case424,0,0,33.333,0.0057778,0.00012,23.556,0.4,1,0.1,1,1,12,5,27,5.2222,1.2667,0.3,1.1,50
Case425,0,0,33.333,0.0057778,0.00012,23.556,0.4,1,0.1,1,1,12,5,27,3.2778,1.2667,0.3,1.1,50
Case426,0,0,33.333,0.0005,0.00012,23.556,0.4,1,0.1,1,1,12,5,27,3.2778,1.2667,0.3,1.1,50
Case427,0,0,33.333,0.0005,0.00012,28,0.4,1,0.1,1,1,12,5,27,3.2778,1.2667,0.3,1.1,50
Case428,0,0,72.222,0.0005,0.00012,28,0.4,1,0.1,1,1,12,5,27,3.2778,1.2667,0.3,1.1,50
Case429,0,0,72.222,0.0005,0.00012,28,0.4,1,0.1,1,1,12,7.2222,27,3.2778,1.2667,0.3,1.1,50
Case430,0,0,72.222,0.0005,0.00012,28,0.4,1,5.6,1,1,12,7.2222,27,3.2778,1.2667,0.3,1.1,50
Case431,0,0,72.222,0.0005,0.00012,28,0.4,1,5.6,1,1,12,7.2222,27,3.2778,1.2667,0.13333,1.1,50
Case432,0,0,72.222,0.0005,0.00012,28,0.4,1,5.6,1,1,12,7.2222,27,3.2778,1.0444,0.13333,1.1,50
Case433,0,0,64.444,0.0089444,0.00012,25.333,0.4,1,5.6,1,1,12,5.8889,27,2.5,1.0444,0.3,1.1,50
Case434,0,0,64.444,0.0089444,0.00012,25.333,0.4,1,5.6,1,1,12,5.8889,27,2.5,1.2667,0.3,1.1,50
Case435,0,0,25.556,0.0089444,0.00012,25.333,0.4,1,5.6,1,1,12,5.8889,27,2.5,1.2667,0.3,1.1,50
Case436,0,0,25.556,0.0089444,0.00012,25.333,0.4,1,5.6,1,1,12,8.1111,27,2.5,1.2667,0.3,1.1,50
Case437,0,0,25.556,0.0089444,0.00012,25.333,0.4,1,5.6,1,1,12,8.1111,27,2.5,1.2667,0.13333,1.1,50
Case438,0,0,25.556,0.0089444,0.00012,25.333,0.4,1,0.1,1,1,12,8.1111,27,2.5,1.2667,0.13333,1.1,50
Case439,0,0,25.556,0.0036667,0.00012,25.333,0.4,1,0.1,1,1,12,8.1111,27,2.5,1.2667,0.13333,1.1,50
Case440,0,0,25.556,0.0036667,0.00012,25.333,0.4,1,0.1,1,1,12,8.1111,27,4.4444,1.2667,0.13333,1.1,50
Case441,0,0,25.556,0.0036667,0.00012,20.889,0.4,1,0.1,1,1,12,8.1111,27,4.4444,1.2667,0.13333,1.1,50
Case442,0,0,41.111,0.0026111,0.00012,24.444,0.4,1,4.5,1,1,12,8.5556,27,2.8889,1.3556,0.26667,1.1,50
Case443,0,0,41.111,0.0026111,0.00012,24.444,0.4,1,4.5,1,1,12,6.3333,27,2.8889,1.3556,0.26667,1.1,50
Case444,0,0,41.111,0.0026111,0.00012,24.444,0.4,1,4.5,1,1,12,6.3333,27,4.8333,1.3556,0.26667,1.1,50
Case445,0,0,80,0.0026111,0.00012,24.444,0.4,1,4.5,1,1,12,6.3333,27,4.8333,1.3556,0.26667,1.1,50
Case446,0,0,80,0.0026111,0.00012,20,0.4,1,4.5,1,1,12,6.3333,27,4.8333,1.3556,0.26667,1.1,50
Case447,0,0,80,0.0026111,0.00012,20,0.4,1,10,1,1,12,6.3333,27,4.8333,1.3556,0.26667,1.1,50
Case448,0,0,80,0.0078889,0.00012,20,0.4,1,10,1,1,12,6.3333,27,4.8333,1.3556,0.26667,1.1,50
Case449,0,0,80,0.0078889,0.00012,20,0.4,1,10,1,1,12,6.3333,27,4.8333,1.1333,0.26667,1.1,50
Case450,0,0,80,0.0078889,0.00012,20,0.4,1,10,1,1,12,6.3333,27,4.8333,1.1333,0.1,1.1,50
